/*
Navicat MySQL Data Transfer

Source Server         : localhost
Source Server Version : 80026
Source Host           : localhost:3306
Source Database       : bookstore

Target Server Type    : MYSQL
Target Server Version : 80026
File Encoding         : 65001

Date: 2023-04-05 17:19:35
*/

SET FOREIGN_KEY_CHECKS=0;

-- ----------------------------
-- Table structure for address
-- ----------------------------
DROP TABLE IF EXISTS `address`;
CREATE TABLE `address` (
  `a_id` char(32) CHARACTER SET utf8 COLLATE utf8_bin NOT NULL,
  `u_id` char(32) CHARACTER SET utf8 COLLATE utf8_bin DEFAULT NULL COMMENT '用户id',
  `a_name` char(20) CHARACTER SET utf8 COLLATE utf8_bin DEFAULT NULL COMMENT '收货人',
  `a_address` varchar(255) CHARACTER SET utf8 COLLATE utf8_bin DEFAULT NULL COMMENT '收货地址',
  `a_phone` varchar(20) CHARACTER SET utf8 COLLATE utf8_bin DEFAULT NULL COMMENT '收货人号码',
  PRIMARY KEY (`a_id`),
  KEY `fk_users_address` (`u_id`),
  CONSTRAINT `fk_users_address` FOREIGN KEY (`u_id`) REFERENCES `users` (`u_id`) ON DELETE SET NULL ON UPDATE SET NULL
) ENGINE=InnoDB DEFAULT CHARSET=utf8mb4 COLLATE=utf8mb4_0900_ai_ci;

-- ----------------------------
-- Records of address
-- ----------------------------
INSERT INTO `address` VALUES ('138a8dded4ca11ebbbf20023812db0d9', '3a45e46dda3111eb93680023812db0d9', 'yre', '上海市闵行区', '12345678910');
INSERT INTO `address` VALUES ('b24c882dcc4e11eb885c0023812db0d9', '3a45e46dda3111eb93680023812db0d9', 'ytytyj', '湖南省长沙市', '4546646634');
INSERT INTO `address` VALUES ('bea94503cce511eb885c0023812db0d9', '3a45e46dda3111eb93680023812db0d9', 'rere', '湖南省郴州市', '56435425');
INSERT INTO `address` VALUES ('bea94503cce511eb885c00238896f0d9', null, '阿飞', '陕西省西安市', '4343455454');
INSERT INTO `address` VALUES ('e533d48ad50511ebbbf20023812db0d9', null, '叶亦', '湖南省长沙市', '18397241980');

-- ----------------------------
-- Table structure for class
-- ----------------------------
DROP TABLE IF EXISTS `class`;
CREATE TABLE `class` (
  `c_id` char(32) CHARACTER SET utf8 COLLATE utf8_bin NOT NULL,
  `c_name` varchar(32) CHARACTER SET utf8 COLLATE utf8_bin DEFAULT NULL COMMENT '分类名称',
  PRIMARY KEY (`c_id`)
) ENGINE=InnoDB DEFAULT CHARSET=utf8mb4 COLLATE=utf8mb4_0900_ai_ci;

-- ----------------------------
-- Records of class
-- ----------------------------
INSERT INTO `class` VALUES ('10f72970c9ed11eb885c0023812db0d9', '励志');
INSERT INTO `class` VALUES ('177e68f7c9ed11eb885c0023812db0d9', '历史');
INSERT INTO `class` VALUES ('21b9fad5c9ed11eb885c0023812db0d9', '国外文学');
INSERT INTO `class` VALUES ('272091a6c9ed11eb885c0023812db0d9', '小说');
INSERT INTO `class` VALUES ('30f629d7c9ed11eb885c0023812db0d9', '悬疑推理');
INSERT INTO `class` VALUES ('42cf0898c9ed11eb885c0023812db0d9', '青春成长');
INSERT INTO `class` VALUES ('ffb94eb5c9ec11eb885c0023812db0d9', '人文科学');

-- ----------------------------
-- Table structure for goods
-- ----------------------------
DROP TABLE IF EXISTS `goods`;
CREATE TABLE `goods` (
  `g_id` char(32) CHARACTER SET utf8 COLLATE utf8_bin NOT NULL,
  `c_id` char(32) CHARACTER SET utf8 COLLATE utf8_bin DEFAULT NULL,
  `g_name` varchar(20) CHARACTER SET utf8 COLLATE utf8_bin DEFAULT NULL COMMENT '图书名',
  `g_info` longtext CHARACTER SET utf8 COLLATE utf8_bin COMMENT '图书简介',
  `g_author` varchar(20) CHARACTER SET utf8 COLLATE utf8_bin DEFAULT NULL COMMENT '作者',
  `g_press` varchar(25) CHARACTER SET utf8 COLLATE utf8_bin DEFAULT NULL COMMENT '出版社',
  `g_fontnum` float DEFAULT NULL COMMENT '字数',
  `g_time` datetime DEFAULT NULL COMMENT '出版时间',
  `g_price` double(25,2) DEFAULT '0.00' COMMENT '价格',
  `g_img` longtext CHARACTER SET utf8 COLLATE utf8_bin COMMENT '图片',
  `g_stock` decimal(20,0) DEFAULT '100' COMMENT '库存',
  `up_time` datetime DEFAULT NULL COMMENT '修改时间',
  PRIMARY KEY (`g_id`),
  KEY `fk_class_goods` (`c_id`),
  CONSTRAINT `fk_class_goods` FOREIGN KEY (`c_id`) REFERENCES `class` (`c_id`)
) ENGINE=InnoDB DEFAULT CHARSET=utf8mb4 COLLATE=utf8mb4_0900_ai_ci;

-- ----------------------------
-- Records of goods
-- ----------------------------
INSERT INTO `goods` VALUES ('3cca1dbdc9ef11eb885c0023812db0d9', 'ffb94eb5c9ec11eb885c0023812db0d9', '关于那个人的备忘录', 0xE88491E5AD90E9878CE79A84E8AEB0E5BF86E58FAFE4BFA1EFBC8CE8BF98E698AFE58699E4B88BE69DA5E79A84E69687E5AD97E58FAFE4BFA1EFBC9F0D0A0D0AE2978EE794B5E6B3A2E7B3BBE68EA8E79086E5B08FE8AFB420E8B685E883BDE58A9BE4B88EE58F8DE8B685E883BDE58A9B0D0A0D0AE79C8BE5AE8CE695B4E69CACE4B9A6E5908EE5868DE7BFBBE59B9EE5BC80E5A4B4EFBC8CE68896E8AEB8E4BC9AE6849FE588B0E8848AE8838CE58F91E58789E380820D0A0D0AE99D92E5B9B4E4BA8CE59089E59CA8E5AEB6E4B8ADE98692E69DA5EFBC8CE4B880E697B6E88CABE784B6EFBC8CE79BB4E588B0E68993E5BC80E4B880E4B8AAE7AC94E8AEB0E69CACEFBC8CE4BB96E6898DE6848FE8AF86E588B0E997AEE9A298E79A84E4B8A5E9878DE680A7EFBC9AE887AAE5B7B1E682A3E69C89E8AEB0E5BF86E696B9E99DA2E79A84E796BEE79785EFBC8CE4B8BAE4BA86E89E8DE585A5E6ADA3E5B8B8E7949FE6B4BBEFBC8CE4BC9AE68A8AE9878DE8A681E4BA8BE9A1B9E983BDE8AEB0E59CA8E7AC94E8AEB0E69CACE4B88AE380820D0A0D0AE4BA8CE59089E68EA5E58F97E4BA86E8BF99E4B8AAE78EB0E5AE9EEFBC8CE68993E7AE97E58AAAE58A9BE4BE9DE99DA0E7AC94E8AEB0E69CACE6B4BBE4B88BE58EBBEFBC8CE58DB4E6B2A1E683B3E588B0E581B6E98187E4BA86E4B880E4BD8DE2809CE680AAE4BABAE2809DEFBC8CE5B9B6E8A2ABE689AFE585A5E4B880E6A1A9E69585E6848FE4BCA4E4BABAE4BA8BE4BBB6E4B98BE4B8ADE380820D0A0D0AE4BA8CE59089E883BDE587ADE5809FE8BF99E69CACE7AC94E8AEB0E69CACE8AEA9E79C9FE587B6E5BD92E6A188E59097EFBC9FE5AE8CE585A8E79BB8E4BFA1E7AC94E8AEB0E69CACE4B88AE79A84E58685E5AEB9E58F88E79C9FE79A84E6988EE699BAE59097EFBC9F, '小林泰三', '新星出版社', '11.1', '2012-03-24 00:00:00', '45.43', 0x3130302E6A7067, '100', null);
INSERT INTO `goods` VALUES ('48b2ac64c9ef11eb885c0023812db0d9', '177e68f7c9ed11eb885c0023812db0d9', '甲骨文有故事', 0xE59BBDE99985E794B2E9AAA8E69687E69D83E5A881E5ADA6E88085E8AEB8E8BF9BE99B84E88081E5B888EFBC8CE69BBEE4BBBBE58AA0E68BBFE5A4A7E79A87E5AEB6E5AE89E5A4A7E795A5E58D9AE789A9E9A686E7A094E7A9B6E59198EFBC8CE695B4E79086E9A686E8978FE79A84E794B2E9AAA8E38082E59CA8E7A094E7A9B6E5B7A5E4BD9CE4B8ADEFBC8CE4BB96E68F90E587BAE4BA86E794B2E9AAA8E992BBE587BFE5BDA2E68081E696ADE4BBA3E6B395EFBC8CE59CA8E794B2E9AAA8E69687E7958CE4BAA7E7949FE4BA86E8BE83E5A4A7E79A84E5BDB1E5938DEFBC8CE585B6E8A2ABE8AA89E4B8BAE2809CE794B2E9AAA8E5ADA6E69C80E69C89E8B4A1E78CAEE79A84E4BA8CE58D81E4BA94E5908DE5ADA6E88085E4B98BE4B880EFBC8CE59CA8E69CACE4B9A6E4B8ADEFBC8CE8AEB8E88081E5B888E7BB8FE8BF87E4B8A5E8B0A8E79A84E7A094E7A9B6E5928CE88083E8AF81EFBC8CE4BB8EE59586E4BBA3E794B2E9AAA8E69687E5AD97E587BAE58F91EFBC8CE4BBA5E59BBEE8A7A3E6BC94E7A4BAE8AFB4E6988EE59084E4B8AAE69687E5AD97E79A84E69DA5E794B1E5928CE6BC94E58F98EFBC8CE4BBA5E5A4A7E9878FE59BBEE4BE8BE4BD90E8AF81E794B2E9AAA8E69687E79A84E58F91E78EB0EFBC8CE4BB8EE794B2E9AAA8E69687E8AFB4E6988EE5BD93E697B6E79A84E7949FE6B4BBE9A38EE4BF97E38081E7A4BEE4BC9AE588B6E5BAA6E4B88EE7A5ADE7A580E58D9CE8BE9EE7AD89E78EAFE5A283E38082E58FA6E5A496E789B9E588ABE692B0E58699E585B6E4B88EE58AA0E68BBFE5A4A7E58D9AE5A3ABE59088E4BD9CE79A84E8BF87E7A88BEFBC8CE68FADE7A798E794B2E9AAA8E783A7E781BCE5908EE4BBA5E8A382E7BAB9E69DA5E58DA0E58D9CE79A84E7A59EE7A798E680A7E5A682E4BD95E4BBA5E78EB0E4BBA3E7A791E5ADA6E69DA5E8A7A3E9878AE38082E2809D, '许进雄', '化学工业出版社', '7.9', null, '88.88', 0x3130312E6A7067, '100', null);
INSERT INTO `goods` VALUES ('4b1b0f58c9ef11eb885c0023812db0d9', '272091a6c9ed11eb885c0023812db0d9', '玉堂春', 0xE992B1E5A198E4BD99E5AEB6E5A4A7E88081E788B7E4BD99E5A4A9E9BD90E59CA8E5A6BBE5AD90E682A3E79785E4B98BE99985E6818BE4B88AE69DA5E999AAE4BCB4E79785E4BABAE79A84E5B08FE8A1A8E5A6B9E6B791E5A8B4EFBC8CE4B8A4E4BABAE88194E6898BE68A8AE79785E9878DE79A84E58E9FE9858DE5A4ABE4BABAE6B094E6ADBBE59CA8E79785E5BA8AE4B88AEFBC8CE8BF99E4B880E58887E8A2ABE4BB96E5B9B4E4BB85E59B9BE5B281E79A84E5A5B3E584BFE5BFB5E994A6E697A0E6848FE6929EE8A781EFBC8CE4BB87E681A8E79A84E7A78DE5AD90E59CA8E5BFB5E994A6E5BF83E4B8ADE697A0E5A3B0E59F8BE4B88BE38082E995BFE5A4A7E79A84E5BFB5E994A6E587BAE890BDE5BE97E7BE8EE8B28CE7ABAFE5BA84E38081E4B996E5B7A7E79FA5E7A4BCEFBC8CE4B88EE4BD99E5AEB6E4B896E4BAA4E79A84E696B9E5AEB6E995BFE5AD90E696B9E6998FE58D97E79BB8E8AF86EFBC8CE4BA8CE4BABAE99D92E6A285E7ABB9E9A9ACE38081E79C9FE5BF83E79BB8E788B1E38082E5BFB5E994A6E5BF8DE6B094E5909EE5A3B0E5A49AE5B9B4EFBC8CE79FA5E98193E7BB88E8BAABE69C89E99DA0EFBC8CE4BEBFE694BEE6898BE4B880E6908FEFBC8CE4B880E6AEB5E99A90E5BF8DE5A49AE5B9B4E79A84E5A48DE4BB87E5A4A7E6888FE7BC93E7BC93E5BC80E590AF2EE280A6E280A620, '嫣离', null, '33.5', null, '35.54', 0x3130322E6A7067, '100', null);
INSERT INTO `goods` VALUES ('4d3f26a6c9ef11eb885c0023812db0d9', '272091a6c9ed11eb885c0023812db0d9', '喜欢你不迟到', 0xE8AF9DE797A8E4B990E5A4A9E6B4BEE7BAAAE7ADB1E6989FEFBC8CE694BEE5ADA6E697B6E581B6E98187E4BA8641E5A4A7E6A0A1E88D89E6ADA5E6B7AEE6ADA2E3808220E4B880E6BF80E58AA8EFBC8CE6B3BCE4BA86E4BB96E4B880E8BAABE5A5B6E88CB6E3808220E7BAAAE7ADB1E6989FE58F91E8AA93EFBC8CE5A5B9E7BB9DE5AFB9E4B88DE698AFE4B8BAE4BA86E590B8E5BC95E6ADA5E6B7AEE6ADA2E79A84E6B3A8E6848FEFBC8CE899BDE784B6EFBC8CE4BB96E995BFE79D80E4B880E5BCA0E8AEA9E4BABAE580BCE5BE97E6B3A8E6848FE79A84E884B8E3808220E79BB4E588B0E6AF8FE6ACA1E581B6E98187E983BDE4B88AE6BC94E7B1BBE4BCBCE79A84E682B2E589A7EFBC8CE6ADA5E6B7AEE6ADA2EFBC9AEFBC9FEFBC9FEFBC9FE4BDA0E69C89E4BA8BE59097EFBC9F20E7BAAAE7ADB1E6989FE69C89E88BA6E99ABEE8A880E3808220E58E9FE69CACE4B8BAE4BA86E7949FE6B4BBE8B4B9E59CA841E5A4A7E5A49CE5B882E69186E6918AE79A84E5A5B9EFBC8CE683A8E981ADE6ADA5E6B7AEE6ADA2E2809CE69A97E7AE97E2809DE696ADE4BA86E8B4A2E8B7AFE3808220E7BAAAE7ADB1E6989FEFBC9AEFBC9FEFBC9FEFBC9FE4BDA0E59CA8E68AA5E5A48DE68891EFBC9F20E586A4E586A4E79BB8E68AA5E4BD95E697B6E4BA86E280A6E280A620E6ADA5E6B7AEE6ADA2E9AB98E586B7E4BABAE8AEBEE4BB8EE69DA5E4B88DE5B4A9EFBC8CE8A1A8E799BDE697B6E58FAAE8AFB4E4BA86E2809CE68891E5969CE6ACA2E4BDA0E2809DE59B9BE4B8AAE5AD97E38082E7BAAAC2B7E884B8E7AE97E4BB80E4B988C2B7E7ADB1E6989FE8A1A5E5AE8CE68EA5E4B88BE69DA5E79A84E8AF9DEFBC9AE2809CE68891E4BBACE8A681E4BAA4E5BE80E59097EFBC9FE2809D20E6ADA5E6B7AEE6ADA2E68B92E7BB9DEFBC9AE2809CE69A82E697B6E6B2A1E683B3E6B395E38082E2809D20E5908EE69DA5EFBC8CE6ADA5E6B7AEE6ADA2E997AEE5A5B9EFBC9AE2809CE8A681E4B88DE8A681E5AB81E7BB99E68891EFBC9FE2809D20E7BAAAE7ADB1E6989FE69585E4BD9CE79F9CE68C81EFBC9AE2809CE68891E5A5BDE5A5BDE683B3E683B3E38082E2809D20E6ADA5E6B7AEE6ADA2E5B7B2E7BB8FE5B086E68892E68C87E5A597E59CA8E5A5B9E6898BE4B88AEFBC9AE2809CE4BDA0E688B4E79D80E88083E89991EFBC8CE68891E7AD89E4BDA0E38082E2809D20E4BB96E4B880E79BB4E59CA8E7AD89EFBC8CE7AD89E5A5B9E6AF95E4B89AEFBC8CE7AD89E5A5B9E68890E995BFEFBC8CE7AD89E5A5B9E5AB81E7BB99E4BB96E38082, '提拉诺', '花山文艺出版社', '14.5', null, '36.65', 0x3130332E6A7067, '100', null);
INSERT INTO `goods` VALUES ('4f74ba76c9ef11eb885c0023812db0d9', '177e68f7c9ed11eb885c0023812db0d9', '明朝那些事儿', 0xE69CACE4B9A6E4B8BBE8A681E8AEB2E8BFB0E4BA86E4BB8EE4B887E58E86E5B9B4E997B4E4B8ADE697A5E68898E4BA89E588B0E6988EE786B9E5AE97E58DB3E4BD8DE5898DE5908EE4BA8CE58D81E4B883E5B9B4E79A84E58E86E58FB2E3808220E4B887E58E86E5B9B4E997B4EFBC8CE58685E5BFA7E5A496E682A3EFBC8CE5A496E69C89E697A5E38081E69C9DE8BF9BE78AAFEFBC8CE58685E69C89E59B9BE5A484E58F9BE4B9B1E3808220E697A5E69CACE59BBDE58685E79A84E5A4A7E5908DE6B7B7E68898E6B890E8BF9BE5B0BEE5A3B0EFBC8CE5AFB9E6988EE69C9DE58DB4E9878EE5BF83E4B88DE5B08FEFBC8CE4B8B0E887A3E7A780E59089E38081E5BEB7E5B79DE5AEB6E5BAB7E7AD89E983BDE8A78AE8A78EE6988EE69C9DEFBC8CE4BB8EE8B088E588A4E588B0E68898E4BA89EFBC8CE4B880E59091E5B08FE79C8BE697A5E69CACE79A84E6988EE69C9DE8A2ABE68993E4BA86E4B8AAE68EAAE6898BE4B88DE58F8AE38082E4BC97E5A49AE5908DE5B086E4BB8EE68898E4BA89E4B8ADE68CBAE8BAABE8808CE587BAEFBC8CE59CA8E4B88EE697A5E69CACE79A84E68898E4BA89E4B8ADEFBC8CE4B99FE9A1BAE4BEBFE7BB93E69D9FE4BA86E4B8B0E887A3E7A780E59089E79A84E4B880E7949FE3808220E69C9DE5A082E4B88AE4B99FE4B88DE5B9B3E99D99EFBC8CE794B3E697B6E8A18CE79A84E587BAE78EB0E5BC80E590AFE4BA86E4B880E4B8AAE696B0E79A84E694BFE6B2BBE697B6E69C9FE38082E5BCA0E5B185E6ADA3E6ADBBE5908EEFBC8CE794B3E697B6E8A18CE78BACE887AAE68B85E8B5B7E4B887E58E86E5908EE4BA8CE58D81E5B9B4EFBC8CE59CA8E4BB96E99DA2E5898DE79A84E6958CE4BABAE69C89E4B881E6ADA4E59095E38081E69D8EE580BCE38081E6B19FE4B89CE4B98BE38081E7BE8AE58FAFE7AB8BE280A6E280A6E8BF99E58F88E698AFE4B880E59CBAE5BA99E5A082E4B88AE79A84E885A5E9A38EE8A180E99BA8E38082E4BD86E4B887E58E86E5B9B4E997B4E79A84E9A38EE6B3A2E5B9B6E6B2A1E69C89E6ADA2E4BA8EE6ADA4EFBC8CE6ADA4E5908EE69BB4E69C89E4B89CE69E97E5859AE4B98BE4B9B1E38081E5AEABE997B1E58685E79A84E5AB94E5A683E4B98BE4BA89E38081E79A87E4BD8DE4B98BE4BA89EFBC8CE8BF98E69C89E4B880E4B8AAE58FABE78E8BE5AE89E79A84E5A4AAE79B91E587BAE78EB0E59CA8E6988EE69C9DE79A84E58E86E58FB2E8889EE58FB0E4B88AE380820D0A0D0A0D0A0D0A, '当年明月', '浙江人民出版社', '23.2', null, '45.23', 0x3130342E6A7067, '100', null);
INSERT INTO `goods` VALUES ('517c51ecc9ef11eb885c0023812db0d9', 'ffb94eb5c9ec11eb885c0023812db0d9', '前期与后期：困境中的生命意识', 0xE3808AE5898DE69C9FE4B88EE5908EE69C9FE3808BE698AFE6B885E58D8EE5A4A7E5ADA6E59BBDE5ADA6E999A2E58898E4B89CE69599E68E88E4BBA5E78BACE789B9E8A786E8A792E7A094E7A9B6E6809DE683B3E58FB2EFBC8CE6B7B1E588BBE58F8DE6809DE5BD93E4BB8AE4BABAE69687E5ADA6E7A791E5ADA6E69CAFE78AB6E586B5E4B98BE4BD9CE38082E58898E4B89CE69599E68E88E8AEA4E4B8BAEFBC8CE5AFB9E4BA8EE4BABAE69687E5ADA6E88085E69DA5E8AFB4EFBC8CE5889BE4BD9CE7949FE6B6AFE79A84E5898DE69C9FE4B88EE5908EE69C9FE5908CE6A0B7E9878DE8A681EFBC8CE4BB8EE5898DE69C9FE588B0E5908EE69C9FE698AFE4B880E4B8AAE887AAE68891E4BFAEE585BBE38081E7A3A8E782BCE5BF83E680A7E79A84E8BF87E7A88BE38082E59CA8E5898DE69C9FEFBC8CE99C80E8A681E8A786E9878EE79A84E7A1AEE7AB8BE4B88EE58585E58886E79A84E7A7AFE7B4AFEFBC9BE8808CE5908EE69C9FEFBC8CE58899E698AFE4B880E4B8AAE59CA8E5A4A7E9878FE7A7AFE7B4AFE79A84E59FBAE7A180E4B98BE4B88AE8BF9BE4B880E6ADA5E58F91E68CA5EFBC8CE8B5B0E59091E68890E7869FEFBC8CE9878AE694BEE587BAE69BB4E5A49AE5889BE980A0E680A7E79A84E8BF87E7A88BE38082E69C89E5BF97E4BA8EE5ADA6E69CAFE79A84E5ADA6E88085EFBC8CE5BA94E8AFA5E69C89E68980E59D9AE5AE88E4B88EE689A7E4BFA1EFBC8CE4B88DE5BF85E59CA8E6848FE79FADE69C9FE38081E4B896E4BF97E6848FE4B989E4B88AE79A84E68890E58A9FEFBC9BE8808CE59CA8E5ADA6E69CAFE7949FE6B6AFE79A84E5908EE69C9FEFBC8CE8A681E4BBA5E588BBE88BA6E4B88EE59D9AE5BF8DEFBC8CE59D9AE68C81E8BF9BE8A18CE2809CE5908EE69C9FE58699E4BD9CE2809DE38082, '刘东', '上海人民出版社', '11.4', null, '35.87', 0x3130352E6A7067, '100', null);
INSERT INTO `goods` VALUES ('5bba7943c9ef11eb885c0023812db0d9', '177e68f7c9ed11eb885c0023812db0d9', '人类简史(从动物到上帝)', 0xE7ACACE58D81E4BA8CE5B18AE69687E6B4A5E5A596E68EA8E88D90E59BBEE4B9A6EFBC81E5A4AEE8A7863130E58886E9929FE9878DE7A385E68EA8E88D90EFBC81E3808AE4BABAE6B091E697A5E68AA5E3808B34E5BAA6E68EA8E88D90EFBC81E696B0E6B5AAE5B9B4E5BAA6E58D81E5A4A7E5A5BDE4B9A6EFBC81E7899BE6B4A5E5A4A7E5ADA6E69599E68E88E68FADE7A4BAE2809CE4B880E5B8A6E4B880E8B7AFE2809DE580A1E8AEAEE980BBE8BE91EFBC81E7ACACE58D81E4BA8CE5B18AE69687E6B4A5E59BBEE4B9A6E5A596EFBC81E8B186E793A332303136E5B9B4E5BAA6E58D81E5A4A7E58E86E58FB2E5A5BDE4B9A6EFBC81E8AFBBE5AEA2E7868AE78CABE5909BE587BAE59381, '(以色列)尤瓦尔·赫拉利| 译者:林俊宏', '中信出版社', '25.4', null, '46.42', 0x3130362E6A7067, '100', null);
INSERT INTO `goods` VALUES ('5e675b89c9ef11eb885c0023812db0d9', '177e68f7c9ed11eb885c0023812db0d9', '丝绸之路(一部全新的世界史)', 0xE7ACACE58D81E4BA8CE5B18AE69687E6B4A5E5A596E68EA8E88D90E59BBEE4B9A6EFBC81E5A4AEE8A7863130E58886E9929FE9878DE7A385E68EA8E88D90EFBC81E3808AE4BABAE6B091E697A5E68AA5E3808B34E5BAA6E68EA8E88D90EFBC81E696B0E6B5AAE5B9B4E5BAA6E58D81E5A4A7E5A5BDE4B9A6EFBC81E7899BE6B4A5E5A4A7E5ADA6E69599E68E88E68FADE7A4BAE2809CE4B880E5B8A6E4B880E8B7AFE2809DE580A1E8AEAEE980BBE8BE91EFBC81E7ACACE58D81E4BA8CE5B18AE69687E6B4A5E59BBEE4B9A6E5A596EFBC81E8B186E793A332303136E5B9B4E5BAA6E58D81E5A4A7E58E86E58FB2E5A5BDE4B9A6EFBC81E8AFBBE5AEA2E7868AE78CABE5909BE587BAE59381, '(英)彼得·弗兰科潘| 译者:邵旭东', '浙江大学出版社', '36', null, '65.55', 0x3130372E6A7067, '100', null);
INSERT INTO `goods` VALUES ('605f631fc9ef11eb885c0023812db0d9', '272091a6c9ed11eb885c0023812db0d9', '招惹', 0xE6AF95E4B89AE5908EE7ACACE4B880E6ACA1E9878DE980A2EFBC8CE4BB96E4BBACE5B0B1E698AFE4BD8FE5908CE4B880E997B4E79785E688BFE79A84E69C89E7BC98E4BABAEFBC8CE5BD93E7BAAAE6BE9CE4B880E782B9E782B9E8AEA4E8AF86E588B0E89684E88DB7E79A84E5AD9DE9A1BAE38081E59D9AE5BCBAE5928CE79CBCE6B3AAEFBC8CE4BB96E79A84E5BF83E9878CE98090E6B890E8908CE7949FE587BAE683B3E8A681E591B5E68AA4E8BF99E4B8AAE5A5B3E7949FE79A84E683B3E6B395E38082E998B4E5B7AEE998B3E99499E7BAAAE6BE9CE68890E4BA86E89684E88DB7E79A84E580BAE4B8BBEFBC8CE58F88E6929EE7A0B4E4BA86E5A5B9E8A2ABE5898DE794B7E58F8BE7BAA0E7BCA0E79A84E5B180E99DA2EFBC8CE68385E680A5E4B98BE4B88BE89684E88DB7E58FAAE883BDE8AEA9E7BAAAE6BE9CE58187E689AEE887AAE5B7B1E794B7E58F8BEFBC81E4B880E59B9EE7949FE4BA8CE59B9EE7869FEFBC8CE99DA2E5AFB9E7BAAAE88081E788B7E5AD90E79A84E582ACE5A99AE4B889E58D81E585ADE68B9BEFBC8CE7BAAAE6BE9CE4B99FE5B086E89684E88DB7E5B8A6E59B9EE5AEB6E7A7B0E2809CE8BF99E5B0B1E698AFE682A8E79A84E5AD99E5AAB3E5A687E38082E2809DE4BA8CE59B9EE58187E4B889E59B9EE79C9FEFBC8CE8B081E4B99FE8AFB4E4B88DE6B885E698AFE8B081E58588E58AA8E4BA86E5BF83E38082E79BB4E588B0E5918AE799BDE38081E6B182E5A99AE38081E8A781E5AEB6E995BFEFBC8CE89684E88DB7E6898DE6838AE8A789E7BAAAE58588E7949FE697A9E5B7B2E5B086E5A5B9E789A2E789A2E7BD91E4BD8FEFBC810D0A0D0A, '是今', null, '11.5', null, '29.54', 0x3130382E6A7067, '100', null);
INSERT INTO `goods` VALUES ('6245545bc9ef11eb885c0023812db0d9', '42cf0898c9ed11eb885c0023812db0d9', '偷心书店', 0x0D0A200D0A0D0AE7919EE585B8E5A5B3E5ADA9E88E8EE68B89E5928CE7BE8EE59BBDE4BABAE889BEE7BE8EE587ADE5809FE79D80E5AFB9E4B9A6E79A84E585B1E5908CE788B1E5A5BDEFBC8CE8B7A8E6B5B7E5B195E5BC80E4BA86E4B880E6AEB5E5BF98E5B9B4E58F8BE8B08AE38082E4BD86E5BD93E88E8EE68B89E7BB88E4BA8EE8B88FE4B88AE68B9CE8AEBFE889BEE7BE8EE79A84E69785E7A88BE697B6EFBC8CE8BF8EE68EA5E5A5B9E79A84EFBC8CE7AB9FE698AFE889BEE7BE8EE79A84E6ADBBE8AEAFE380820D0A0D0AE58FA4E98193E783ADE882A0E79A84E5B08FE99587E5B185E6B091E586B3E5AE9AE4BBA3E69BBFE889BEE7BE8EE68EA5E5BE85E8BF99E4BD8DE5A496E59BBDE5AEA2E4BABAE38082E5B08FE99587E7949FE6B4BBE4B8BAE88E8EE68B89E79A84E4BABAE7949FE782B9E4BAAEE4BA86E696B0E79A84E58FAFE883BDEFBC8CE5A5B9E586B3E5AE9AE59CA8E8BF99E5818FE583BBE79A84E5B08FE99587E4B8ADE5BC80E4B880E5AEB6E4B9A6E5BA97E38082E59BA0E4B8BAE8BF99E5AEB6E4B9A6E5BA97EFBC8CE69BB4E5A49AE5A587E5A699E79A84E58FAFE883BDE680A7E587BAE78EB0E59CA8E4BA86E5A5B9E5928CE5B08FE99587E5B185E6B091E8BAABE4B88AE38082, '卡塔琳娜・碧瓦德', '北京联合出版公司', '18.9', null, '34.65', 0x7333333834373332382E6A7067, '100', null);
INSERT INTO `goods` VALUES ('63bc51c6c9ef11eb885c0023812db0d9', '30f629d7c9ed11eb885c0023812db0d9', '巫女馆的密室', 0xE68EA8E79086E58FB2E4B88AE9A696E6ACA1E587BAE78EB0E79A84E78AAFE7BDAAE6898BE6B3950D0A0D0AE5898DE68980E69CAAE997BBE79A84E5AF86E5AEA4E588B6E980A0E58AA8E69CBA0D0A0D0AE280A6E280A60D0A0D0AE7BE8EE5B091E5A5B3E4BEA6E68EA2E6A0B9E6B4A5E788B1E5928CE58891E8ADA6E6A190E9878EEFBC8CE4B880E8B5B7E68EA2E8AEBFE4BA86E4B880E6A08BE4BD8DE4BA8EE5A5A5E4BC9AE6B4A5E59CB0E58CBAE79A84E588ABE5A285E38082E59CA8E588ABE5A285E79A84E99984E8BF91EFBC8CE69C89E4B880E4B8AAE59CA8E680A5E59DA1E4B88AE8A2ABE68C96E5BC80E79A84E6B49EE7AA9FEFBC8CE6B49EE7AA9FE9878CE698AFE4B880E997B4E5B08FE5B18BE380820D0A0D0AE58D81E5B9B4E5898DEFBC8CE59CA8E8BF99E4B8AAE5838FE6B0B4E6B3A5E7AEB1E4B880E6A0B7E79A84E5BBBAE7AD91E9878CEFBC8CE58F91E7949FE4BA86E4B880E8B5B7E697A0E6B395E7A0B4E8A7A3E79A84E5AF86E5AEA4E69D80E4BABAE4BA8BE4BBB6E38082E78AAFE4BABAE7A9B6E7AB9FE698AFE5A682E4BD95E98083E884B1E79A84EFBC9FE59CA8E5B09AE69CAAE8A7A3E5BC80E8B09CE59BA2E4B98BE697B6EFBC8CE5B091E5A5B3E4BEA6E68EA2E788B1E58DB4E7AA81E784B6E5A4B1E8B8AAEFBC810D0A0D0AE59CA8E6909CE7B4A2E788B1E79A84E4B88BE890BDE697B6EFBC8CE58891E8ADA6E6A190E9878EE79A84E99DA2E5898DE58F88E69C89E696B0E79A84E683A8E589A7E58F91E7949FE280A6E280A6, '爱川晶', '台海出版社', '21', null, '44.50', 0x7333333734343137312E6A7067, '100', null);
INSERT INTO `goods` VALUES ('651e1063c9ef11eb885c0023812db0d9', '10f72970c9ed11eb885c0023812db0d9', '细节的力量', 0x0D0A200D0AE58685E5AEB9E7AE80E4BB8B0D0AE5BD93E4BDA0E79A84E4B88AE58FB8E5928CE4BDA0E8AFB4EFBC9AE2809CE68891E9A9ACE4B88AE5B0B1E8A681E5928CC397C397E8B088E8AF9DEFBC8CE7AB8BE588BBE7BB99E68891E88194E7B3BBE4BB96EFBC81E2809D20E8808CE8BF99E4B8AAE697B6E58099E4B88AE58FB8E58FA3E4B8ADE79A84E982A3E4B8AAE4BABAE6ADA3E59CA8E4B887E9878CE4B98BE5A496E79A84E9A39EE69CBAE4B88AE697B6EFBC8CE4BDA0E4BC9AE5A682E4BD95E59B9EE7AD94E4BDA0E79A84E4B88AE58FB8EFBC9FE5A682E4BD95E6898DE883BDE8AEA9E4B88AE58FB8E6BBA1E6848FEFBC9F0D0A0D0AE8BF99E698AFE4B880E69CACE5B7A5E4BD9C20323020E5B9B4E79A84E8B584E6B7B1E7A798E4B9A6E79A84E7BB8FE9AA8CE680BBE7BB93EFBC8CE4B99FE698AFE4B880E69CACE8818CE59CBAE58D87E7BAA7E38081E9809AE585B3E694BBE795A5E38082E59CA8E8A18CE694BFE7A798E4B9A6E79A84E697A5E5B8B8E5B7A5E4BD9CE4B8ADEFBC8CE4B88DE4BB85E8A681E69C8DE58AA1E5A5BDE884BEE6B094E58FA4E680AAE79A84E9A1B6E5A4B4E4B88AE58FB8EFBC8CE8BF98E8A681E5A484E79086E4B88DE696ADE587BAE78EB0E79A84E99ABEE9A298E38081E680AAE9A298E38082E4BD9CE88085E5B086E5B7A5E4BD9CE79C8BE4BD9CE698AFE8A792E889B2E689AEE6BC94E7B1BBE79A84E6B8B8E6888FEFBC8CE6AF8FE5A4A9E4BC9AE8A2ABE7B3BBE7BB9FEFBC88E4B88AE58FB8EFBC89E58886E9858DE4B88DE5908CE79A84E2809CE4BBBBE58AA1E2809DE38082E8808CE683B3E696B9E8AEBEE6B395E5AE8CE68890E99ABEE4BBA5E5BA94E5AFB9E5B7A5E4BD9CEFBC8CE5B0B1E698AFE2809CE5AE8CE68890E4BBBBE58AA1E79A84E9809AE585B3E6B8B8E6888FE2809DE38082E4B88EE6ADA4E5908CE697B6E4B99FE7A7AFE7B4AFE4BA86E7BB8FE9AA8CEFBC8CE88EB7E5BE97E4BA86E4B88AE58FB8E5928CE5908CE4BA8BE79A84E4BFA1E8B596E380820D0A0D0AE4BD9CE88085E59CA8E794A8E9A38EE8B6A3E5B9BDE9BB98E79A84E7AC94E9948BE4BB8BE7BB8DE887AAE5B7B1E7A798E4B9A6E7949FE6B6AFE4B8ADE79C9FE5AE9EE58F91E7949FE79A84E4BA8BE4BBB6E79A84E5908CE697B6EFBC8CE4B99FE794A8E69C80E4B893E4B89AE79A84E68081E5BAA6E5918AE8AF89E68891E4BBACE982A3E4BA9BE697A9E5B7B2E79FA5E98193EFBC8CE58DB4E5B8B8E5B8B8E6B2A1E69C89E5819AE5A5BDE79A84E8818CE59CBAE59FBAE7A180E5B08FE4BA8BE38082E6AF94E5A682E68EA7E588B6E68385E7BBAAE38081E68DA2E4BD8DE6809DE88083E38081E5BA94E5AFB9E7AA81E58F91E78AB6E586B5E38081E5819AE4BC9AE8AEAEE8AEB0E5BD95EFBC8CE7AD89E7AD89E38082E8BF99E4BA9BE68A80E5B7A7E4B88DE4BB85E883BDE5A49FE8AEA9E4BDA0E58887E5AE9EE68F90E58D87E5B7A5E4BD9CE69588E78E87EFBC8CE8BF98E883BDE5878FE8BDBBE4BDA0E79A84E5B7A5E4BD9CE58E8BE58A9BE380820D0A0D0AE8AFBBE5AE8CE8BF99E69CACE4B9A6EFBC8CE4BDA0E4BC9AE6849FE588B0E6AF8FE4B880E5A4A9E79A84E5B7A5E4BD9CE58F98E5BE97E5BFABE4B990E69C89E8B6A3EFBC8CE59CA8E5B7A5E4BD9CE697B6E4B99FE4BC9AE58585E6BBA1E6B4BBE58A9BE5928CE887AAE4BFA1E38082, 'FLANAGAN裕美子', '民主与建设出版社', '4.5', '2020-08-05 00:00:00', '45.50', 0x32303231313030373030313031302E6A7067, '100', null);
INSERT INTO `goods` VALUES ('65444543534gfgfdvvvvvvvef4', '272091a6c9ed11eb885c0023812db0d9', '安德的游戏', 0xE4B896E7958CE58DB3E5B086E6AF81E781ADE380820D0A0D0AE5A881E88381E69DA5E887AAE58FA6E4B880E69687E6988EE28094E28094E899ABE6978FE38082E5AE83E4BBACE59CA8E695B0E9878FE38081E7A791E68A80E5928CE68898E795A5E4B88AE983BDE7A2BEE58E8BE4BABAE7B1BBEFBC8CE59CA8E5898DE4BA8CE6ACA1E4BEA6E69FA5E680A7E68EA5E8A7A6E4B8ADEFBC8CE587A0E4B98EE691A7E6AF81E68980E69C89E4BABAE7B1BBE888B0E9989FE380820D0A0D0AE5A682E4BB8AEFBC8CE7ACACE4B889E6ACA1E899ABE6978FE585A5E4BEB5E5B7B2E8BFABE59CA8E79C89E79DABEFBC8CE8808CE59CB0E79083E888B0E9989FE5B09AE69CAAE689BEE588B0E4BBBBE4BD95E68AB5E68A97E79A84E58FAFE883BDE38082E4B896E7958CE58DB3E5B086E6AF81E781ADE38082E4BABAE7B1BBE79A84E69591E4B896E4B8BBEFBC8CE698AFE4B880E4B8AAE585ADE5B281E79A84E584BFE7ABA5E28094E28094E5AE89E5BEB7E380820D0A0D0AE59CA8E4B896E7958CE4B88AE587A0E4B98EE4BBBBE4BD95E4B880E5AEB6E4B9A6E5BA97E79A84E4B9A6E69EB6E4B88AE983BDE883BDE689BEE588B0E3808AE5AE89E5BEB7E79A84E6B8B8E6888FE3808BE38082E8BF99E5928CE5AE83E8BE89E7858CE79A84E5BE97E5A596E8AEB0E5BD95E5928CE79585E99480E5A587E8BFB9E697A0E585B3EFBC8CE58FAAE698AFE59BA0E4B8BAEFBC8CE5AE83E79C9FE79A84E5A4AAE5A5BDE79C8BE4BA86E38082, '[美] 奥森·斯科特·卡德 著，李毅 译', ' 浙江文艺出版社', '2.6', null, '39.80', 0x35373536356237394E38633935643536342E6A7067, '100', null);
INSERT INTO `goods` VALUES ('665d9a4ac9ef11eb885c0023812db0d9', '21b9fad5c9ed11eb885c0023812db0d9', '从部落到国家', 0xE8AFB7E683B3E8B1A1E5A682E4B88BE59CBAE699AFEFBC9AE59CA8E4B880E4B8AAE69CBAE59CBAE4B8ADE68CA4E6BBA1E4BA86E5AE89E99D99E58099E69CBAE79A84E9998CE7949FE4BABAE38082E5A682E69E9CE58099E69CBAE79A84E4B88DE698AFE4BABAE7B1BBEFBC8CE8808CE698AFE9BB91E78CA9E78CA9EFBC8CE982A3E6838AE6858CE5A4B1E68EAAE882AFE5AE9AE698AFE5858DE4B88DE4BA86E79A84EFBC8CE7949AE887B3E5BE88E58FAFE883BDE587BAE78EB0E8A180E885A5E79A84E69D80E688AEE380820D0A0D0AE4BABAE7B1BBE698AFE5A682E4BD95E5819AE588B0E4B88EE585A8E784B6E9998CE7949FE79A84E5908CE7B1BBE585B1E5A484E4B880E5AEA4E8808CE79BB8E5AE89E697A0E4BA8BE79A84E591A2EFBC9F0D0A0D0AE5AFB9E8BF99E4B8AAE997AEE9A298E5A4A7E68391E4B88DE8A7A3E79A84E4BABAE7B1BBE5ADA6E5AEB6EFBC8CE59CA8E5BE88E697A9E4BBA5E5898DEFBC8CE5B0B1E9809AE8BF87E5AFB9E9BB91E78CA9E78CA9E5B195E5BC80E7A094E7A9B6E69DA5E5AFBBE6B182E7AD94E6A188E4BA86E38082E59CA8E8BF99E69CACE4B9A6E4B8ADEFBC8CE7949FE789A9E5ADA6E5AEB6E9A9ACE5858BC2B7572E20E88EABE88FB2E789B9E5B8A6E9A286E68891E4BBACE58EBBE88083E5AF9FE4B880E7A78DE4BBA4E4BABAE6848FE683B3E4B88DE588B0E79A84E7949FE789A9EFBC9AE89A82E89A81E38082E59CA8E89A82E89A81E7BB84E68890E79A84E7A4BEE4BC9AE4B98BE4B8ADEFBC8CE6AF8FE4B8AAE4B8AAE4BD93E5AFB9E5BDBCE6ADA4E69DA5E8AFB4E983BDE698AFE9998CE7949FE79A84EFBC8CE5B0BDE7AEA1E5A682E6ADA4EFBC8CE8BF99E4BA9BE5B08FE5AEB6E4BC99E8819AE59CA8E4B880E8B5B7E58DB4E58F96E5BE97E4BA86E5BE88E5A49AE6838AE4BABAE79A84E68890E5B0B1E380820D0A0D0AE3808AE4BB8EE983A8E890BDE588B0E59BBDE5AEB6E3808BE9809AE8BF87E8A782E5AF9FE38081E58886E69E90E5B9B6E680BBE7BB93E8AEA9E58CBFE5908DE7A4BEE4BC9AE7949FE7949FE4B88DE681AFE79A84E59FBAE69CACE58E9FE79086EFBC8CE68FADE7A4BAE4BA86E4BABAE7B1BBE698AFE5A682E4BD95E59FBAE4BA8EE4B880E4BA9BE585B1E5908CE789B9E5BE81EFBC8CE6AF94E5A682E69C8DE9A5B0E38081E6898BE58ABFE38081E58FA3E99FB3E38081E4BFA1E4BBB0E7AD89E7BEA4E4BD93E8BAABE4BBBDE6A087E5BF97EFBC8CE5AE9EE78EB0E5BDBCE6ADA4E4BA92E58AA8E5B9B6E7B981E8A18DE7949FE681AFE79A84E38082E4B9A6E4B8ADE7BB93E59088E4BABAE7B1BBE5ADA6E38081E5BF83E79086E5ADA6E38081E7A4BEE4BC9AE5ADA6E5928CE58E86E58FB2E5ADA6E7AD89E9A286E59F9FE79A84E585A8E696B0E58F91E78EB0EFBC8CE59B9EE7AD94E4BA86E4BBA5E4B88BE997AEE9A298EFBC9AE5B0BDE7AEA1E4BABAE7B1BBE5AEB3E68095E5A496E69DA5E88085EFBC8CE4BD86E68891E4BBACE79A84E7A4BEE4BC9AE4B8BAE4BD95E4BB8DE883BDE58F91E5B195E587BAE5838FE78E9BE99B85E69687E6988EE68896E7BE8EE59BBDE4B880E6A0B7E5B7A8E5A4A7E79A84E8A784E6A8A1EFBC9FE4B8BAE4BB80E4B988E7A4BEE4BC9AE883BDE4BF9DE68C81E78BACE7AB8BE59CB0E4BD8DEFBC8CE4BD86E58DB4E697A0E6B395E981BFE5858DE98090E6B890E8B5B0E59091E8A1B0E890BDE79A84E591BDE8BF90EFBC8CE79BB4E887B3E781ADE4BAA1EFBC9F0D0A0D0AE69CACE4B9A6E79A84E7A094E7A9B6E8A786E9878EE6AF94E3808AE4BABAE7B1BBE7AE80E58FB2E3808BE68896E3808AE69EAAE782AEE38081E79785E88F8CE4B88EE992A2E99381E3808BE69BB4E5AEBDE5B9BFEFBC8CE5AE83E4B8BAE68891E4BBACE4BA86E8A7A3E7A4BEE4BC9AE79A84E69CACE8B4A8E68F90E4BE9BE4BA86E585A8E696B0E79A84E8A786E8A792E38082, '马克·W. 莫菲特', null, '34', null, '54.65', 0x7333333837313137362E6A7067, '100', null);
INSERT INTO `goods` VALUES ('6798ca37c9ef11eb885c0023812db0d9', '21b9fad5c9ed11eb885c0023812db0d9', '她的骑士男孩', 0xE68891E4BBACE7BB8FE5B8B8E598B2E8AEBDE982A3E4BA9BE2809CE69C9BE5AD90E68890E9BE99E2809DE79A84E788B6E6AF8DE4BBACE8BF87E5BAA6E4BF9DE68AA4E5AD90E5A5B3EFBC8CE58DB4E5818FE5818FE5BF98E4BA86EFBC8CE4BF9DE68AA4EFBC8CE585B6E5AE9EE4B99FE698AFE4B880E7A78DE788B1E28094E28094E8808CE4BD9CE88085E59684E6848FE68F90E98692E4BA86E68891E4BBACE8BF99E4B880E782B9EFBC8CE4B99FE59BA0E6ADA4E8AEA9E8BF99E69CACE682ACE79691E5B08FE8AFB4E6A0BCE5A496E9878DE8A681E5928CE7BE8EE5A5BDE3808220, '金·菲利普斯、高源', '江苏凤凰文艺出版社', '13.3', null, '35.32', 0x7333323331343532312E6A7067, '100', null);
INSERT INTO `goods` VALUES ('693c8967c9ef11eb885c0023812db0d9', '21b9fad5c9ed11eb885c0023812db0d9', '纳尼亚传奇6：银椅', 0x20E59CA8E3808AE59388E588A9C2B7E6B3A2E789B9E3808BE8AF9EE7949FE79A843430E5A49AE5B9B4E5898DEFBC8CE88BB1E59BBDE69687E5ADA6E5AEB6432E532EE58898E69893E696AFE58588E5908EE5889BE4BD9CE4BA86E4B883E983A8E9AD94E5B9BBE5B08FE8AFB4EFBC8CE69E84E68890E4BA86E4B880E983A8E58FB2E8AF97E888ACE79A84E9AD94E5B9BBE5B7A8E89197E28094E28094E3808AE7BAB3E5B0BCE4BA9AE4BCA0E5A587E3808BE38082E8A2ABE7A7B0E4B8BAE9AD94E5B9BBE5B08FE8AFB4E79A84E4BD9CE59381EFBC8CE59CA8E5AE83E5898DE5908EE983BDE69BBEE587BAE78EB0E8BF87EFBC8CE4BD86E58FAAE69C89E5AE83E5928CE3808AE68C87E78EAFE78E8BE3808BE3808AE59388E588A9C2B7E6B3A2E789B9E3808BE68890E4BA86E9AD94E5B9BBE5B08FE8AFB4E79A84E9878CE7A88BE7A291E38082E3808AE68C87E78EAFE78E8BE3808BE8AEB2E8BFB0E4BA86E4B880E59CBAE4BABAE4B88EE9AD94E79A84E6AE8BE985B7E68898E4BA89EFBC8CE3808AE59388E588A9C2B7E6B3A2E789B9E3808BE68F8FE7BB98E4BA86E4B880E68980E9AD85E58A9BE697A0E7A9B7E79A84E9AD94E6B395E5ADA6E6A0A1EFBC8CE8808CE3808AE7BAB3E5B0BCE4BA9AE4BCA0E5A587E3808BE58DB4E69E84E7AD91E4BA86E695B4E695B4E4B880E4B8AAE9AD94E5B9BBE4B896E7958CE79A84E585B4E8A1B0E58FB2E38082E88081E59BBDE78E8BE594AFE4B880E79A84E584BFE5AD90E5A4B1E8B8AAEFBC8CE58B87E695A2E79A84E5B091E5B9B4E5928CE6B2BCE6B3BDE680AAE58F97E591BDE8B88FE4B88AE4BA86E889B0E999A9E79A84E5AFBBE689BEE4B98BE69785EFBC8CE5A5BDE4B88DE5AEB9E69893E8B5B0E587BAE4B880E69C9BE697A0E99985E79A84E88D92E58E9FEFBC8CE8BF98E5B7AEE782B9E68890E4B8BAE5B7A8E4BABAE79A84E79B98E4B8ADE9A490EFBC8CE4BD86E5AFBBE689BEE78E8BE5AD90E79A84E4BA8BE8BF98E4B880E782B9E79C89E79BAEE983BDE6B2A1E69C89E38082E4BB96E4BBACE883BDE689BEE588B0E78E8BE5AD90E38081E5AE8CE68890E4BBBBE58AA1E59097EFBC9F0D0A, 'C.S.刘易斯', '人民邮电出版社', '9.6', null, '37.00', 0x453737373931333232332E6A7067, '100', null);

-- ----------------------------
-- Table structure for orders
-- ----------------------------
DROP TABLE IF EXISTS `orders`;
CREATE TABLE `orders` (
  `o_id` char(32) CHARACTER SET utf8 COLLATE utf8_bin NOT NULL,
  `g_id` char(32) CHARACTER SET utf8 COLLATE utf8_bin DEFAULT NULL,
  `u_id` char(32) CHARACTER SET utf8 COLLATE utf8_bin DEFAULT NULL,
  `o_name` varchar(255) CHARACTER SET utf8 COLLATE utf8_bin DEFAULT NULL,
  `o_address` varchar(255) CHARACTER SET utf8 COLLATE utf8_bin DEFAULT NULL,
  `o_phone` varchar(11) CHARACTER SET utf8 COLLATE utf8_bin DEFAULT NULL,
  `o_time` datetime DEFAULT NULL COMMENT '下单时间',
  `o_remark` varchar(255) CHARACTER SET utf8 COLLATE utf8_bin DEFAULT NULL COMMENT '备注',
  `o_status` int DEFAULT '1' COMMENT '订单状态',
  PRIMARY KEY (`o_id`),
  KEY `fk_goods_orders` (`g_id`),
  KEY `fk_users_orders` (`u_id`),
  CONSTRAINT `fk_goods_orders` FOREIGN KEY (`g_id`) REFERENCES `goods` (`g_id`),
  CONSTRAINT `fk_users_orders` FOREIGN KEY (`u_id`) REFERENCES `users` (`u_id`) ON DELETE RESTRICT ON UPDATE RESTRICT
) ENGINE=InnoDB DEFAULT CHARSET=utf8mb4 COLLATE=utf8mb4_0900_ai_ci;

-- ----------------------------
-- Records of orders
-- ----------------------------
INSERT INTO `orders` VALUES ('9b4b9700d72911ebbbf20023812db0d9', '4d3f26a6c9ef11eb885c0023812db0d9', '7ebc4727d67211ebbbf20023812db0d9', '张三', '北京市朝阳区', '123456789', '2021-06-27 17:25:26', null, '3');
INSERT INTO `orders` VALUES ('asdfghjklkjj vcksdj78ffdkdddrg', '605f631fc9ef11eb885c0023812db0d9', '3a45e46dda3111eb93680023812db0d9', '叶亦', '湖南省长沙市', '66545767332', '2021-06-27 15:13:45', null, '2');
INSERT INTO `orders` VALUES ('ee156e78da4011eb93680023812db0d9', '5e675b89c9ef11eb885c0023812db0d9', '3a45e46dda3111eb93680023812db0d9', 'rere', '湖南省郴州市', '56435425', '2021-07-01 15:49:57', null, '2');
INSERT INTO `orders` VALUES ('f5079243da3f11eb93680023812db0d9', '48b2ac64c9ef11eb885c0023812db0d9', '3a45e46dda3111eb93680023812db0d9', 'ytytyj', '湖南省长沙市', '4546646634', '2021-07-01 15:42:59', null, '3');
INSERT INTO `orders` VALUES ('hgfddf3454fgdfgfdgfggrtr3juuk', '4b1b0f58c9ef11eb885c0023812db0d9', '7ebc4727d67211ebbbf20023812db0d9', '张妈', '上海市闵行区', '54355675554', '2021-06-27 15:10:00', null, '3');

-- ----------------------------
-- Table structure for users
-- ----------------------------
DROP TABLE IF EXISTS `users`;
CREATE TABLE `users` (
  `u_id` char(32) CHARACTER SET utf8 COLLATE utf8_bin NOT NULL,
  `u_name` varchar(20) CHARACTER SET utf8 COLLATE utf8_bin DEFAULT NULL COMMENT '用户名',
  `u_pwd` varchar(255) CHARACTER SET utf8 COLLATE utf8_bin DEFAULT NULL COMMENT '用户密码',
  PRIMARY KEY (`u_id`),
  KEY `u_id` (`u_id`)
) ENGINE=InnoDB DEFAULT CHARSET=utf8mb4 COLLATE=utf8mb4_0900_ai_ci;

-- ----------------------------
-- Records of users
-- ----------------------------
INSERT INTO `users` VALUES ('03961db717ee11edb5800023812db0d9', 'admin', '364d5c5f9e1ba71d89968b26009d38b3');
INSERT INTO `users` VALUES ('2717c803da0a11eb93680023812db0d9', '22222', '134cc9195ad3223cac74610545132a71');
INSERT INTO `users` VALUES ('3a45e46dda3111eb93680023812db0d9', '343434', 'c77e559a3ebc2ba31e1f965028c86d4e');
INSERT INTO `users` VALUES ('7ebc4727d67211ebbbf20023812db0d9', '111', '7e4e577e5f228fbe9d9e431ae27c3ad5');
INSERT INTO `users` VALUES ('b72ee8a4923011ec89e90023812db0d9', '454545', '364d5c5f9e1ba71d89968b26009d38b3');
INSERT INTO `users` VALUES ('e50fa433dd8211eb85650023812db0d9', '飞飞飞飞飞飞', '9d578bc14b60786ed27c05e2382f8bbd');
